{
  "collective_anomaly": {
    "best_model": "xgboost",
    "best_f1": 0.7410172655156323,
    "results": {
      "lightgbm": {
        "f1": 0.7119413407821229,
        "accuracy": 0.9235332282880712,
        "precision": 0.6121284899429601,
        "recall": 0.8506466416353775,
        "roc_auc": 0.9752205114847238,
        "train_time": 44.82900905609131
      },
      "xgboost": {
        "f1": 0.7410172655156323,
        "accuracy": 0.9485587172119752,
        "precision": 0.8406564319745897,
        "recall": 0.6624947851481018,
        "roc_auc": 0.9750920120529334,
        "train_time": 60.10302710533142
      },
      "mlp": {
        "f1": 0.6653445711452652,
        "accuracy": 0.9374362776902401,
        "precision": 0.8197923029932804,
        "recall": 0.5598664997914059,
        "roc_auc": 0.9636969312626132,
        "train_time": 70.50605869293213
      }
    }
  },
  "contextual_anomaly": {
    "best_model": "xgboost",
    "best_f1": 0.9995828118481435,
    "results": {
      "lightgbm": {
        "f1": 0.9991659716430359,
        "accuracy": 0.9998146260079711,
        "precision": 0.9987494789495623,
        "recall": 0.9995828118481435,
        "roc_auc": 0.9999998694995615,
        "train_time": 23.550735473632812
      },
      "xgboost": {
        "f1": 0.9995828118481435,
        "accuracy": 0.9999073130039855,
        "precision": 0.9995828118481435,
        "recall": 0.9995828118481435,
        "roc_auc": 0.9999999347497808,
        "train_time": 30.870941162109375
      },
      "mlp": {
        "f1": 0.9993740872105153,
        "accuracy": 0.9998609695059784,
        "precision": 0.9995826377295493,
        "recall": 0.999165623696287,
        "roc_auc": 0.999996954989768,
        "train_time": 118.79752707481384
      }
    }
  },
  "deterministic_trend": {
    "best_model": "xgboost",
    "best_f1": 0.9847567341825015,
    "results": {
      "lightgbm": {
        "f1": 0.9825508932280848,
        "accuracy": 0.9961071461673927,
        "precision": 0.9784857261067439,
        "recall": 0.9866499791405924,
        "roc_auc": 0.9998452482299953,
        "train_time": 8.585880517959595
      },
      "xgboost": {
        "f1": 0.9847567341825015,
        "accuracy": 0.9966169246454722,
        "precision": 0.9857859531772575,
        "recall": 0.983729662077597,
        "roc_auc": 0.9997672307178369,
        "train_time": 16.058164596557617
      },
      "mlp": {
        "f1": 0.9746278045711889,
        "accuracy": 0.9943924367411252,
        "precision": 0.9797639123102867,
        "recall": 0.9695452649144765,
        "roc_auc": 0.9985723687028019,
        "train_time": 86.3009283542633
      }
    }
  },
  "mean_shift": {
    "best_model": "xgboost",
    "best_f1": 0.7885189437428244,
    "results": {
      "lightgbm": {
        "f1": 0.7793978413179322,
        "accuracy": 0.9460098248215776,
        "precision": 0.7135922330097088,
        "recall": 0.8585732165206508,
        "roc_auc": 0.9803232961313558,
        "train_time": 7.4041430950164795
      },
      "xgboost": {
        "f1": 0.7885189437428244,
        "accuracy": 0.9573176383353416,
        "precision": 0.8769152196118488,
        "recall": 0.7163120567375887,
        "roc_auc": 0.9791650177392509,
        "train_time": 19.269086837768555
      },
      "mlp": {
        "f1": 0.7463016118348421,
        "accuracy": 0.9467513207896932,
        "precision": 0.7926829268292683,
        "recall": 0.7050479766374635,
        "roc_auc": 0.9678716620407525,
        "train_time": 34.42575979232788
      }
    }
  },
  "point_anomaly": {
    "best_model": "lightgbm",
    "best_f1": 0.7666971637694419,
    "results": {
      "lightgbm": {
        "f1": 0.7666971637694419,
        "accuracy": 0.9409120400407823,
        "precision": 0.6830779263123573,
        "recall": 0.8736447039199333,
        "roc_auc": 0.9805087616461755,
        "train_time": 7.815619230270386
      },
      "xgboost": {
        "f1": 0.7665078284547311,
        "accuracy": 0.9523125405505608,
        "precision": 0.840716774514684,
        "recall": 0.7043369474562136,
        "roc_auc": 0.9785405547375681,
        "train_time": 19.809618949890137
      },
      "mlp": {
        "f1": 0.6623103850641774,
        "accuracy": 0.9329409583835387,
        "precision": 0.7519872813990461,
        "recall": 0.591743119266055,
        "roc_auc": 0.9564935499777795,
        "train_time": 37.97129511833191
      }
    }
  },
  "stochastic_trend": {
    "best_model": "xgboost",
    "best_f1": 0.9540816326530612,
    "results": {
      "lightgbm": {
        "f1": 0.9519815474942336,
        "accuracy": 0.9893873389563445,
        "precision": 0.9574019401096584,
        "recall": 0.9466221851542952,
        "roc_auc": 0.9957714153522096,
        "train_time": 8.965572595596313
      },
      "xgboost": {
        "f1": 0.9540816326530612,
        "accuracy": 0.9899898044304384,
        "precision": 0.9731136166522116,
        "recall": 0.9357798165137615,
        "roc_auc": 0.9959286109992599,
        "train_time": 21.724752187728882
      },
      "mlp": {
        "f1": 0.9402070568349884,
        "accuracy": 0.986884790063954,
        "precision": 0.9528907922912205,
        "recall": 0.9278565471226021,
        "roc_auc": 0.9916049697305975,
        "train_time": 80.62499666213989
      }
    }
  },
  "trend_shift": {
    "best_model": "xgboost",
    "best_f1": 0.9277777777777778,
    "results": {
      "lightgbm": {
        "f1": 0.9242798353909465,
        "accuracy": 0.9829455927333395,
        "precision": 0.9122664500406173,
        "recall": 0.9366138448707256,
        "roc_auc": 0.9964514658983287,
        "train_time": 8.288383722305298
      },
      "xgboost": {
        "f1": 0.9277777777777778,
        "accuracy": 0.9843358976735564,
        "precision": 0.9513584574934268,
        "recall": 0.9053377814845704,
        "roc_auc": 0.9959283066093486,
        "train_time": 20.025885343551636
      },
      "mlp": {
        "f1": 0.9034188034188034,
        "accuracy": 0.9790527389007322,
        "precision": 0.9263803680981595,
        "recall": 0.8815679733110926,
        "roc_auc": 0.992015243846758,
        "train_time": 84.38959264755249
      }
    }
  },
  "variance_shift": {
    "best_model": "xgboost",
    "best_f1": 0.8417707150964813,
    "results": {
      "lightgbm": {
        "f1": 0.8367928367928368,
        "accuracy": 0.9628325145982018,
        "precision": 0.8171701112877583,
        "recall": 0.8573811509591326,
        "roc_auc": 0.9864708033545508,
        "train_time": 8.098092317581177
      },
      "xgboost": {
        "f1": 0.8417707150964813,
        "accuracy": 0.967698581888961,
        "precision": 0.9237668161434978,
        "recall": 0.7731442869057548,
        "roc_auc": 0.9858922233595775,
        "train_time": 19.593941926956177
      },
      "mlp": {
        "f1": 0.7938488968130154,
        "accuracy": 0.9571322643433127,
        "precision": 0.8525610339875539,
        "recall": 0.7427022518765638,
        "roc_auc": 0.9684094583511982,
        "train_time": 47.087172508239746
      }
    }
  },
  "volatility": {
    "best_model": "xgboost",
    "best_f1": 0.8828073273008166,
    "results": {
      "lightgbm": {
        "f1": 0.8811901365396373,
        "accuracy": 0.9729817406617851,
        "precision": 0.8616978876046234,
        "recall": 0.9015846538782318,
        "roc_auc": 0.993653144217331,
        "train_time": 8.833309650421143
      },
      "xgboost": {
        "f1": 0.8828073273008166,
        "accuracy": 0.975391602558161,
        "precision": 0.9376465072667605,
        "recall": 0.8340283569641368,
        "roc_auc": 0.993334730627974,
        "train_time": 21.110817909240723
      },
      "mlp": {
        "f1": 0.8448933782267115,
        "accuracy": 0.9679766428770044,
        "precision": 0.9149246475449684,
        "recall": 0.7848206839032527,
        "roc_auc": 0.9877028215205407,