{
  "accuracy": 0.8751969598665307,
  "total_samples": 21578,
  "correct": 18885,
  "processing_time": 82.19265937805176,
  "class_metrics": {
    "collective_anomaly": {
      "precision": 0.8118668596237337,
      "recall": 0.7021276595744681,
      "f1": 0.7530201342281879,
      "support": 2397
    },
    "contextual_anomaly": {
      "precision": 1.0,
      "recall": 1.0,
      "f1": 1.0,
      "support": 2397
    },
    "deterministic_trend": {
      "precision": 0.9858156028368794,
      "recall": 0.9858156028368794,
      "f1": 0.9858156028368794,
      "support": 2397
    },
    "mean_shift": {
      "precision": 0.835482436638506,
      "recall": 0.7838965373383396,
      "f1": 0.8088678433060698,
      "support": 2397
    },
    "point_anomaly": {
      "precision": 0.6233313987231572,
      "recall": 0.8957464553794829,
      "f1": 0.7351129363449692,
      "support": 2398
    },
    "stochastic_trend": {
      "precision": 0.9640135478408128,
      "recall": 0.9495412844036697,
      "f1": 0.9567226890756302,
      "support": 2398
    },
    "trend_shift": {
      "precision": 0.9416809605488851,
      "recall": 0.9157631359466222,
      "f1": 0.9285412262156448,
      "support": 2398
    },
    "variance_shift": {
      "precision": 0.9061611374407583,
      "recall": 0.7973311092577148,
      "f1": 0.8482697426796806,
      "support": 2398
    },
    "volatility": {
      "precision": 0.9177215189873418,
      "recall": 0.8465387823185988,
      "f1": 0.8806941431670282,
      "support": 2398
    }
  }
}