{
  "topk_accuracy": {
    "top1": {
      "correct": 18885,
      "total": 21578,
      "accuracy": 0.8751969598665307
    },
    "top2": {
      "correct": 20348,
      "total": 21578,
      "accuracy": 0.9429974974511076,
      "improvement_over_top1": 7.746889065395823
    },
    "top3": {
      "correct": 20972,
      "total": 21578,
      "accuracy": 0.9719158402076189,
      "improvement_over_top1": 11.051098755626168
    },
    "top5": {
      "correct": 21494,
      "total": 21578,
      "accuracy": 0.9961071461673927,
      "improvement_over_top1": 13.81519724649193
    }
  },
  "class_wise_topk": {
    "collective_anomaly": {
      "total": 2397,
      "top1": 1683,
      "top2": 2131,
      "top3": 2318,
      "top5": 2395,
      "top1_acc": 0.7021276595744681,
      "top2_acc": 0.8890279516061744,
      "top3_acc": 0.9670421360033375,
      "top5_acc": 0.999165623696287
    },
    "contextual_anomaly": {
      "total": 2397,
      "top1": 2397,
      "top2": 2397,
      "top3": 2397,
      "top5": 2397,
      "top1_acc": 1.0,
      "top2_acc": 1.0,
      "top3_acc": 1.0,
      "top5_acc": 1.0
    },
    "deterministic_trend": {
      "total": 2397,
      "top1": 2363,
      "top2": 2386,
      "top3": 2391,
      "top5": 2396,
      "top1_acc": 0.9858156028368794,
      "top2_acc": 0.9954109303295786,
      "top3_acc": 0.9974968710888611,
      "top5_acc": 0.9995828118481435
    },
    "mean_shift": {
      "total": 2397,
      "top1": 1879,
      "top2": 2132,
      "top3": 2290,
      "top5": 2393,
      "top1_acc": 0.7838965373383396,
      "top2_acc": 0.8894451397580309,
      "top3_acc": 0.9553608677513559,
      "top5_acc": 0.9983312473925741
    },
    "point_anomaly": {
      "total": 2398,
      "top1": 2148,
      "top2": 2357,
      "top3": 2391,
      "top5": 2398,
      "top1_acc": 0.8957464553794829,
      "top2_acc": 0.9829024186822352,
      "top3_acc": 0.9970809007506255,
      "top5_acc": 1.0
    },
    "stochastic_trend": {
      "total": 2398,
      "top1": 2277,
      "top2": 2323,
      "top3": 2340,
      "top5": 2376,
      "top1_acc": 0.9495412844036697,
      "top2_acc": 0.9687239366138448,
      "top3_acc": 0.97581317764804,
      "top5_acc": 0.9908256880733946
    },
    "trend_shift": {
      "total": 2398,
      "top1": 2196,
      "top2": 2293,
      "top3": 2315,
      "top5": 2373,
      "top1_acc": 0.9157631359466222,
      "top2_acc": 0.9562135112593828,
      "top3_acc": 0.9653878231859884,
      "top5_acc": 0.9895746455379483
    },
    "variance_shift": {
      "total": 2398,
      "top1": 1912,
      "top2": 2132,
      "top3": 2244,
      "top5": 2382,
      "top1_acc": 0.7973311092577148,
      "top2_acc": 0.8890742285237698,
      "top3_acc": 0.9357798165137615,
      "top5_acc": 0.9933277731442869
    },
    "volatility": {
      "total": 2398,
      "top1": 2030,
      "top2": 2197,
      "top3": 2286,
      "top5": 2384,
      "top1_acc": 0.8465387823185988,
      "top2_acc": 0.9161801501251042,
      "top3_acc": 0.9532944120100083,
      "top5_acc": 0.994161801501251
    }
  },
  "misclassified_analysis": {
    "total_misclassified": 2693,
    "in_top3": 2087,
    "in_top3_ratio": 0.7749721500185667,
    "not_in_top3": 606,
    "avg_confidence_gap": 0.41269365700742094,
    "median_confidence_gap": 0.3731864392757416,
    "rank_distribution": {
      "rank_2": 1463,
      "rank_3": 624
    }
  }
}